<?xml version ="1.0" encoding = "UTF-8"?>
<beans xmlns = "http://www.springframework.org/schema/beans"
       xmlns:xsi = "http://www.w3.org/2001/XMLSchema-instance"
       xmlns:jee="http://www.springframework.org/schema/jee"
       xmlns:tx="http://www.springframework.org/schema/tx"
       xmlns:mvc="http://www.springframework.org/schema/mvc" 
       xmlns:task="http://www.springframework.org/schema/task"
 	   xmlns:context="http://www.springframework.org/schema/context"
 	   xsi:schemaLocation = "http://www.springframework.org/schema/beans
 	   http://www.springframework.org/schema/beans/spring-beans-4.0.xsd
       http://www.springframework.org/schema/jee http://www.springframework.org/schema/jee/spring-jee-4.0.xsd
       http://www.springframework.org/schema/tx http://www.springframework.org/schema/tx/spring-tx-4.0.xsd
       http://www.springframework.org/schema/mvc
	   http://www.springframework.org/schema/mvc/spring-mvc-4.0.xsd 
       http://www.springframework.org/schema/context 
	   http://www.springframework.org/schema/context/spring-context-4.0.xsd
	   http://www.springframework.org/schema/task http://www.springframework.org/schema/task/spring-task-4.0.xsd">
	   
	 
	 
	 <mvc:interceptors>
		<bean class="com.wipro.magentostore.interceptor.RequestInterceptor"/>
	</mvc:interceptors>
	   
	<mvc:annotation-driven />
	<context:component-scan base-package="com.wipro.magentostore" /> 
	
	<!-- <jee:jndi-lookup id="dataSource" jndi-name="java:XAOracleSocial2" expected-type="javax.sql.DataSource" />
	
	<tx:annotation-driven  transaction-manager="transactionManager"/> -->
	
<!-- 	<bean id="transactionManager"
        class="org.springframework.jdbc.datasource.DataSourceTransactionManager">
        <property name="dataSource" ref="dataSource" />
    </bean> -->
	
   <!--  <bean id="_queries"
		class="org.springframework.beans.factory.config.PropertiesFactoryBean">
		 <property name="location" value="classpath:Query.properties"/> 
	</bean> -->
	
	<bean id="_sources"
		class="org.springframework.beans.factory.config.PropertiesFactoryBean">
		 <property name="location" value="classpath:Source.properties"/> 
	</bean> 
	
	<bean id="_messages"
		class="org.springframework.beans.factory.config.PropertiesFactoryBean">
		 <property name="location" value="classpath:MessageProperties.properties"/> 
	</bean>
</beans>    