<?xml version='1.0' encoding='UTF-8'?>
<!DOCTYPE hibernate-mapping PUBLIC "-//Hibernate/Hibernate Mapping DTD 3.0//EN" "org/hibernate/hibernate-mapping-3.0.dtd">

<hibernate-mapping>
	<class name="com.wipro.dxp.backend.csv.bean.CSVcmriBean" table="cmri">
		<id name="sku" column="SKU" type="string">
			<generator class="assigned"></generator>
		</id>

		<property name="material_id" column="MATERIAL_ID" type="string"></property>
		<property name="material_name" column="MATERIAL_NAME" type="string"></property>
		<property name="price" column="PRICE" type="double"></property>
		<property name="additionalField1" column="ADDITIONAL_FIELD1"
			type="string"></property>
		<property name="additionalField2" column="ADDITIONAL_FIELD2"
			type="string"></property>
		<property name="additionalField3" column="ADDITIONAL_FIELD3"
			type="string"></property>
		<property name="additionalField4" column="ADDITIONAL_FIELD4"
			type="string"></property>
		<property name="additionalField5" column="ADDITIONAL_FIELD5"
			type="string"></property>
	</class>

</hibernate-mapping>  