<?xml version='1.0' encoding='UTF-8'?>
<!DOCTYPE hibernate-mapping PUBLIC "-//Hibernate/Hibernate Mapping DTD 3.0//EN" "org/hibernate/hibernate-mapping-3.0.dtd">

<hibernate-mapping>
	<class name="com.wipro.dxp.backend.csv.bean.CSVProductFinal" table="final_product_material">
		<id name="sku" column="SKU" type="string">
			<generator class="assigned"></generator>
		</id>

		<property name="material_id" column="MATERIAL_ID" type="string"></property>
		<property name="material_name" column="MATERIAL_NAME" type="string"></property>
		<property name="qty" column="QTY" type="int"></property>
		<property name="weight" column="WEIGHT" type="int"></property>
		<property name="price" column="PRICE" type="double"></property>
		<property name="out_of_stock_qty" column="OUT_OF_STOCK_QTY" type="int"></property>
		<property name="is_in_stock" column="IS_IN_STOCK" type="int"></property>
		<property name="attribute_set_code" column="ATTRIBUTE_SET_CODE" type="string"></property>
		<property name="product_type" column="PRODUCT_TYPE" type="string"></property>
		<property name="product_websites" column="PRODUCT_WEBSITES" type="string"></property>
		<property name="name" column="NAME" type="string"></property>
		<property name="product_online" column="PRODUCT_ONLINE" type="string"></property>
		<property name="tax_class_name" column="TAX_CLASS_NAME" type="string"></property>
		<property name="visibility" column="VISIBILITY" type="string"></property>
		<property name="additionalField1" column="ADDITIONAL_FIELD1"
			type="string"></property>
		<property name="additionalField2" column="ADDITIONAL_FIELD2"
			type="string"></property>
		<property name="additionalField3" column="ADDITIONAL_FIELD3"
			type="string"></property>
		<property name="additionalField4" column="ADDITIONAL_FIELD4"
			type="string"></property>
		<property name="additionalField5" column="ADDITIONAL_FIELD5"
			type="string"></property>
	</class>

</hibernate-mapping>  