<?xml version='1.0' encoding='UTF-8'?>
<!DOCTYPE hibernate-configuration PUBLIC "-//Hibernate/Hibernate Configuration DTD 3.0//EN" "org/hibernate/hibernate-configuration-3.0.dtd">
<!-- Generated by MyEclipse Hibernate Tools. -->
<hibernate-configuration>

	<session-factory>
		<property name="hbm2ddl.auto">update</property>
		<property name="dialect">org.hibernate.dialect.MySQLDialect</property>
		<property name="connection.driver_class">com.mysql.jdbc.Driver</property>
		<property name="connection.url">jdbc:mysql://localhost:3306/magento2</property>
		<property name="connection.username">root</property>
		<property name="connection.password"></property>		
	
		<mapping resource="CSVcmriBean.hbm.xml" />
		<mapping resource="CSVProduct.hbm.xml" />
		<mapping resource="CSVProductFinal.hbm.xml" />
	</session-factory>

</hibernate-configuration>